item,rank
192,positive
171,negative
191,positive
182,positive
41,positive
112,positive
60,positive
99,positive
168,positive
80,indifferent
322,positive
106,positive
104,indifferent
19,positive
209,positive
90,positive
316,indifferent
225,positive
2,positive
55,positive
342,positive
300,positive
238,indifferent
71,negative
173,indifferent
17,positive
144,indifferent
178,indifferent
399,positive
229,indifferent
201,positive
164,positive
279,positive
272,positive
310,positive
341,positive
36,positive
311,positive
78,positive
160,positive
233,positive
302,positive
70,indifferent
327,positive
371,positive
385,indifferent
351,positive
177,positive
173,positive
329,positive
103,positive
292,positive
235,positive
179,indifferent
295,positive
154,positive
317,positive
139,positive
187,positive
131,positive
324,positive
32,indifferent
9,indifferent
99,indifferent
360,positive
42,positive
288,positive
67,positive
152,positive
291,indifferent
314,indifferent
386,positive
72,positive
196,positive
13,indifferent
227,positive
29,positive
195,indifferent
73,indifferent
47,positive
168,indifferent
204,positive
399,positive
63,indifferent
55,indifferent
137,positive
157,indifferent
136,positive
89,negative
142,positive
224,positive
279,positive
60,positive
81,positive
100,positive
9,positive
245,positive
365,positive
6,positive
322,indifferent
14,negative
18,positive
135,negative
148,positive
107,indifferent
379,positive
50,negative
277,negative
131,positive
216,positive
307,positive
115,positive
154,positive
400,indifferent
32,indifferent
35,positive
132,positive
34,indifferent
73,positive
146,indifferent
5,positive
374,negative
183,indifferent
358,positive
142,positive
261,positive
92,positive
116,positive
6,positive
324,positive
357,indifferent
26,negative
12,negative
360,indifferent
391,indifferent
28,negative
207,positive
204,negative
126,negative
74,negative
217,negative
213,indifferent
342,negative
386,indifferent
99,indifferent
303,indifferent
44,positive
172,negative
179,positive
355,negative
253,indifferent
71,negative
188,negative
20,negative
394,positive
9,positive
171,positive
185,negative
307,indifferent
176,positive
239,indifferent
304,negative
155,negative
325,negative
51,negative
84,positive
216,positive
55,negative
178,positive
171,positive
277,negative
296,negative
377,negative
91,positive
229,positive
386,indifferent
359,positive
24,positive
217,indifferent
95,positive
23,negative
99,negative
354,negative
269,negative
209,positive
283,positive
190,negative
321,positive
69,indifferent
66,positive
226,negative
268,negative
242,positive
10,negative
380,positive
355,negative
261,positive
204,negative
382,indifferent
318,indifferent
88,negative
15,indifferent
44,positive
148,negative
90,wtf
371,negative
183,indifferent
1,positive
157,negative
356,positive
201,negative
103,indifferent
40,negative
176,negative
101,negative
72,negative
301,indifferent
227,negative
136,negative
313,positive
105,indifferent
200,positive
69,indifferent
58,positive
329,positive
117,indifferent
228,indifferent
89,negative
80,negative
390,negative
198,negative
18,positive
307,indifferent
240,indifferent
19,indifferent
144,negative
195,indifferent
184,negative
81,positive
35,negative
28,positive
103,positive
77,positive
364,positive
153,indifferent
399,positive
84,positive
171,indifferent
307,positive
69,positive
138,negative
46,indifferent
89,indifferent
329,indifferent
180,positive
355,positive
325,indifferent
166,positive
130,negative
277,positive
4,indifferent
66,positive
142,positive
154,positive
91,positive
243,positive
306,positive
50,positive
73,positive
398,positive
209,positive
328,positive
313,positive
316,positive
248,positive
30,positive
45,positive
18,positive
397,positive
251,positive
387,positive
217,positive
73,positive
269,negative
23,positive
311,positive
349,positive
144,indifferent
91,positive
107,indifferent
184,negative
115,indifferent
277,indifferent
172,positive
130,positive
400,negative
276,positive
364,indifferent
60,positive
142,positive
151,positive
317,positive
336,negative
338,negative
318,negative
243,positive
377,indifferent
216,positive
280,negative
213,negative
26,negative
300,positive
291,positive
99,indifferent
192,positive
196,positive
80,indifferent
160,positive
209,positive
358,positive
216,positive
340,positive
268,negative
41,positive
227,positive
282,negative
331,positive
153,positive
31,positive
370,negative
137,positive
391,positive
117,positive
228,negative
152,positive
238,negative
382,negative
107,positive
195,indifferent
91,positive
115,indifferent
325,indifferent
274,positive
313,negative
146,negative
339,positive
272,positive
163,positive
377,negative
385,positive
280,positive
40,positive
304,negative
275,positive
211,positive
306,positive
171,positive
311,negative
108,negative
84,positive
200,indifferent
118,indifferent
34,positive
352,negative
155,negative
196,negative
15,negative
382,indifferent
273,positive
296,negative
225,positive
153,negative
27,negative
398,negative
61,positive
339,negative
95,positive
356,indifferent
325,negative
261,positive
123,indifferent
57,positive
160,positive
328,positive
58,negative
30,indifferent
251,negative
46,positive
10,positive
260,positive
107,indifferent
141,indifferent
55,negative
257,positive
341,indifferent
60,positive
32,indifferent
357,positive
384,positive
91,positive
95,positive
400,negative
14,negative
306,indifferent
146,negative
30,positive
137,positive
209,positive
77,indifferent
156,negative
274,positive
178,positive
25,negative
36,positive
71,negative
66,positive
151,positive
318,positive
58,positive
399,positive
238,indifferent
326,indifferent
172,indifferent
142,positive
217,positive
154,indifferent
391,positive
45,positive
256,positive
101,negative
128,indifferent
319,indifferent
276,indifferent
386,positive
24,positive
173,positive
135,positive
176,positive
248,positive
322,indifferent
245,positive
151,positive
386,positive
98,negative
3,negative
73,positive
262,indifferent
157,negative
310,positive
148,negative
100,positive
372,negative
155,positive
66,positive
191,positive
34,positive
177,positive
256,positive
185,positive
20,indifferent
88,indifferent
5,positive
306,positive
325,positive
124,positive
275,positive
383,positive
240,positive
297,negative
258,indifferent
118,positive
47,positive
176,negative
304,negative
104,positive
172,positive
340,positive
216,positive
90,positive
106,positive
242,positive
101,negative
139,negative
279,indifferent
195,negative
243,indifferent
269,indifferent
32,negative
131,indifferent
270,negative
322,negative
2,positive
130,negative
230,negative
72,indifferent
394,positive
31,indifferent
34,indifferent
328,negative
127,indifferent
359,negative
238,negative
277,positive
112,indifferent
365,indifferent
383,negative
30,indifferent
209,negative
44,positive
63,indifferent
222,negative
93,positive
318,negative
357,positive
123,indifferent
370,indifferent
340,positive
272,negative
100,indifferent
91,positive
88,positive
185,positive
105,indifferent
192,indifferent
258,negative
55,negative
174,negative
52,positive
90,positive
204,indifferent
118,indifferent
153,negative
382,positive
338,indifferent
187,negative
387,negative
240,indifferent
143,positive
128,indifferent
263,positive
370,negative
44,positive
134,positive
314,negative
245,indifferent
207,negative
117,negative
374,negative
176,indifferent
45,negative
339,positive
66,indifferent
291,negative
93,indifferent
5,indifferent
301,negative
51,indifferent
223,negative
147,indifferent
235,indifferent
72,positive
32,positive
328,positive
49,positive
26,positive
151,positive
28,indifferent
230,positive
283,positive
81,positive
279,positive
1,positive
256,positive
251,indifferent
164,positive
274,positive
381,positive
57,positive
43,wtf
5,wtf
282,negative
176,positive
146,positive
135,positive
370,positive
144,positive
190,positive
360,positive
301,positive
235,wtf
129,positive
188,indifferent
357,positive
35,wtf
400,wtf
122,positive
76,positive
307,positive
211,wtf
195,wtf
304,positive
216,positive
365,positive
17,positive
209,positive
307,indifferent
225,positive
123,indifferent
12,negative
262,negative
341,positive
57,indifferent
15,wtf
359,positive
147,positive
391,positive
273,positive
112,positive
288,positive
156,indifferent
329,positive
300,indifferent
258,indifferent
143,positive
378,indifferent
248,positive
176,positive
14,indifferent
355,positive
268,indifferent
383,positive
364,positive
311,indifferent
296,indifferent
82,indifferent
55,negative
49,positive
272,positive
349,indifferent
136,positive
129,positive
190,positive
5,positive
76,positive
105,positive
377,positive
354,positive
138,positive
159,positive
28,positive
286,negative
172,indifferent
82,positive
282,negative
136,indifferent
326,positive
207,positive
263,positive
340,positive
295,positive
313,positive
180,positive
160,positive
390,negative
92,indifferent
186,positive
42,positive
128,positive
200,positive
336,positive
318,positive
6,positive
352,negative
342,indifferent
31,positive
49,positive
33,positive
54,positive
60,positive
211,positive
165,positive
33,positive
245,positive
166,positive
77,positive
297,indifferent
49,positive
322,positive
307,negative
263,negative
377,negative
126,negative
223,negative
387,indifferent
2,positive
206,positive
148,negative
83,positive
360,negative
311,positive
147,indifferent
67,positive
324,indifferent
280,negative
160,negative
243,negative
325,negative
6,positive
190,negative
95,positive
57,positive
177,negative
380,negative
7,negative
45,indifferent
235,negative
195,positive
122,positive
286,positive
81,positive
357,positive
132,positive
19,positive
4,negative
131,negative
56,positive
221,indifferent
257,negative
84,positive
100,negative
130,positive
379,positive
381,negative
256,positive
172,positive
54,indifferent
168,indifferent
92,positive
283,positive
329,indifferent
135,positive
392,negative
45,positive
225,positive
116,positive
398,negative
399,positive
227,positive
224,negative
153,indifferent
113,indifferent
156,positive
9,negative
105,positive
377,positive
180,negative
382,negative
365,negative
370,negative
390,negative
108,indifferent
175,positive
40,negative
391,positive
274,positive
183,positive
136,positive
324,wtf
358,positive
73,positive
23,positive
156,positive
174,positive
168,positive
312,positive
179,positive
226,indifferent
127,positive
268,positive
339,positive
296,positive
12,positive
261,positive
372,negative
223,positive
357,positive
400,negative
152,positive
279,negative
56,positive
370,indifferent
257,positive
195,indifferent
41,positive
129,indifferent
29,indifferent
31,positive
272,indifferent
35,indifferent
262,indifferent
342,positive
83,positive
166,negative
178,indifferent
137,positive
180,positive
274,indifferent
115,positive
165,indifferent
313,negative
321,positive
44,positive
6,positive
71,negative
76,indifferent
213,positive
49,indifferent
311,negative
80,indifferent
53,positive
3,indifferent
43,positive
73,positive
61,positive
242,positive
150,positive
117,indifferent
374,negative
222,negative
58,positive
354,negative
304,negative
394,positive
136,negative
156,negative
380,negative
223,negative
307,negative
116,negative
322,indifferent
359,positive
159,positive
390,negative
228,negative
280,negative
224,indifferent
5,indifferent
12,positive
380,positive
76,positive
2,positive
371,negative
82,positive
66,positive
132,positive
50,positive
100,indifferent
365,indifferent
331,negative
213,positive
321,positive
118,positive
23,positive
191,indifferent
81,positive
251,indifferent
311,positive
342,negative
115,indifferent
304,positive
160,positive
370,positive
242,positive
381,positive
123,positive
52,positive
43,indifferent
183,positive
20,indifferent
364,positive
130,positive
31,positive
180,positive
99,positive
192,indifferent
143,positive
23,indifferent
54,indifferent
9,indifferent
277,positive
53,positive
209,positive
282,indifferent
35,indifferent
13,indifferent
396,wtf
360,positive
327,indifferent
240,positive
17,positive
351,positive
336,negative
45,positive
165,positive
25,positive
188,positive
217,positive
74,indifferent
174,positive
127,positive
156,positive
100,positive
230,positive
187,positive
116,positive
186,positive
103,positive
41,positive
153,positive
354,positive
339,negative
95,positive
10,positive
56,positive
374,positive
240,indifferent
342,positive
99,positive
105,positive
188,positive
291,indifferent
272,positive
150,indifferent
378,positive
103,positive
18,positive
163,indifferent
182,indifferent
392,positive
274,indifferent
277,indifferent
34,positive
382,positive
257,positive
235,positive
184,indifferent
359,positive
191,indifferent
304,indifferent
352,indifferent
183,positive
31,positive
83,positive
230,positive
283,positive
164,positive
26,positive
222,indifferent
153,indifferent
100,positive
84,negative
156,negative
33,negative
134,negative
319,indifferent
162,negative
7,negative
397,negative
83,indifferent
307,indifferent
295,indifferent
151,positive
257,positive
303,positive
128,positive
227,positive
230,positive
118,indifferent
226,positive
268,indifferent
190,positive
303,positive
230,positive
321,positive
316,negative
60,indifferent
125,indifferent
80,positive
134,negative
151,positive
342,indifferent
88,positive
322,negative
73,wtf
210,negative
142,positive
23,positive
196,positive
282,positive
51,positive
227,positive
124,positive
155,positive
174,indifferent
384,positive
13,positive
104,positive
105,positive
226,positive
45,positive
341,positive
89,positive
310,positive
277,positive
139,positive
324,positive
371,positive
276,positive
71,indifferent
327,indifferent
179,positive
131,positive
390,positive
78,positive
183,positive
217,positive
130,positive
370,positive
12,positive
25,positive
213,indifferent
163,positive
82,positive
227,positive
155,indifferent
328,positive
20,positive
365,positive
80,positive
151,positive
153,positive
271,positive
74,positive
156,positive
58,positive
177,positive
30,positive
288,positive
42,positive
174,positive
46,positive
164,positive
129,positive
228,positive
52,positive
297,positive
329,positive
392,positive
26,positive
399,positive
154,indifferent
263,positive
245,positive
54,positive
229,indifferent
55,indifferent
57,positive
49,positive
183,positive
242,positive
14,positive
228,positive
26,indifferent
128,positive
213,indifferent
370,positive
20,indifferent
32,indifferent
371,positive
261,positive
304,positive
44,positive
136,positive
325,positive
46,positive
105,positive
127,positive
156,positive
58,positive
225,positive
141,positive
175,positive
184,negative
144,indifferent
397,positive
372,positive
381,positive
223,positive
130,positive
326,positive
93,negative
242,negative
269,indifferent
229,indifferent
256,negative
392,negative
339,negative
57,indifferent
171,positive
251,negative
183,negative
60,negative
226,positive
12,negative
187,indifferent
356,negative
43,negative
398,negative
144,indifferent
61,indifferent
399,positive
336,positive
327,negative
24,positive
297,indifferent
52,positive
51,negative
396,negative
382,negative
270,positive
386,positive
360,indifferent
240,positive
307,positive
374,indifferent
178,positive
184,negative
41,negative
358,positive
80,positive
296,indifferent
319,positive
132,positive
182,positive
137,positive
84,positive
77,positive
274,positive
101,positive
164,positive
243,positive
209,positive
14,positive
33,positive
60,positive
7,positive
127,positive
156,positive
150,positive
311,positive
260,indifferent
99,positive
29,positive
224,indifferent
300,positive
223,positive
372,positive
13,positive
381,positive
134,negative
67,indifferent
47,indifferent
76,indifferent
342,positive
251,positive
359,positive
108,positive
151,positive
199,positive
277,positive
224,positive
261,positive
82,indifferent
174,positive
221,negative
286,positive
61,indifferent
129,negative
34,positive
256,positive
122,positive
230,negative
229,indifferent
18,indifferent
196,positive
54,positive
242,positive
142,indifferent
153,negative
53,indifferent
243,positive
95,positive
135,negative
253,positive
192,indifferent
132,positive
124,indifferent
44,positive
302,positive
327,negative
49,negative
268,positive
233,negative
191,negative
396,wtf
227,indifferent
76,negative
115,positive
108,negative
372,positive
299,indifferent
222,indifferent
32,indifferent
115,positive
89,positive
240,positive
224,positive
385,positive
340,negative
230,negative
328,negative
93,positive
106,indifferent
217,positive
80,positive
378,negative
132,negative
301,positive
390,negative
288,positive
20,negative
56,positive
172,indifferent
374,negative
60,negative
163,negative
394,negative
200,negative
216,positive
144,negative
295,negative
182,negative
272,positive
364,positive
307,positive
3,negative
12,negative
239,negative
209,positive
382,wtf
370,indifferent
83,indifferent
316,negative
356,positive
230,positive
70,negative
200,positive
159,indifferent
271,indifferent
98,positive
103,indifferent
154,indifferent
84,positive
314,indifferent
72,indifferent
286,negative
134,indifferent
392,positive
89,negative
262,indifferent
144,negative
229,indifferent
387,indifferent
7,positive
221,negative
155,negative
129,indifferent
143,positive
179,indifferent
163,negative
126,indifferent
357,positive
100,negative
185,negative
318,indifferent
273,positive
235,positive
295,indifferent
248,negative
279,negative
286,positive
354,positive
10,positive
107,positive
326,positive
224,positive
12,positive
131,positive
390,negative
163,indifferent
188,indifferent
387,indifferent
3,positive
67,positive
124,positive
341,positive
195,positive
261,positive
135,positive
150,positive
139,positive
51,indifferent
253,indifferent
274,positive
155,indifferent
316,positive
321,positive
371,positive
174,positive
26,positive
392,positive
301,indifferent
211,indifferent
328,positive
238,positive
116,positive
52,positive
187,positive
310,positive
136,positive
82,positive
91,positive
35,positive
339,negative
364,positive
198,positive
117,positive
15,wtf
55,indifferent
177,positive
150,positive
160,positive
46,positive
107,positive
352,indifferent
386,positive
216,positive
143,positive
356,positive
329,positive
69,positive
191,positive
151,positive
42,positive
152,positive
104,positive
233,positive
336,positive
90,positive
303,positive
217,positive
128,positive
295,positive
166,positive
138,positive
183,positive
277,positive
185,positive
246,positive
225,positive
50,indifferent
263,positive
295,positive
51,indifferent
26,indifferent
321,positive
81,positive
183,positive
139,positive
45,positive
314,positive
77,positive
101,positive
174,indifferent
226,positive
118,positive
324,positive
147,indifferent
372,positive
200,positive
163,indifferent
327,indifferent
318,positive
164,positive
359,positive
400,indifferent
168,positive
274,positive
107,positive
166,positive
251,positive
270,positive
379,positive
213,positive
19,indifferent
13,indifferent
354,positive
180,indifferent
155,indifferent
306,positive
382,positive
248,indifferent
143,indifferent
324,positive
56,positive
81,positive
33,indifferent
157,indifferent
383,indifferent
113,negative
198,indifferent
258,wtf
25,wtf
36,positive
105,indifferent
83,positive
291,positive
329,positive
192,indifferent
261,positive
186,positive
131,indifferent
27,wtf
6,positive
377,wtf
300,wtf
360,indifferent
399,indifferent
34,wtf
302,positive
327,indifferent
195,negative
396,wtf
54,positive
142,positive
310,negative
273,negative
184,positive
58,indifferent
31,positive
61,wtf
142,positive
379,indifferent
229,indifferent
6,positive
186,wtf
56,positive
31,positive
172,positive
242,positive
280,positive
50,positive
106,positive
92,indifferent
196,positive
150,positive
72,positive
60,negative
10,positive
336,positive
387,indifferent
314,indifferent
104,positive
125,positive
295,indifferent
81,positive
123,positive
263,positive
28,positive
319,positive
12,positive
262,positive
190,indifferent
253,positive
100,positive
257,positive
213,positive
160,positive
127,positive
129,positive
246,negative
296,negative
63,indifferent
155,positive
139,indifferent
53,positive
217,positive
150,positive
378,positive
126,positive
188,indifferent
304,positive
113,positive
28,positive
88,negative
41,indifferent
142,positive
386,positive
117,negative
125,positive
306,positive
292,positive
80,indifferent
128,indifferent
166,indifferent
349,indifferent
83,indifferent
74,negative
179,positive
396,wtf
112,negative
108,negative
221,indifferent
168,indifferent
175,indifferent
354,positive
187,indifferent
70,indifferent
400,negative
52,positive
295,indifferent
239,positive
95,positive
356,positive
15,negative
143,positive
76,positive
235,positive
43,positive
273,positive
71,negative
91,positive
355,indifferent
317,positive
26,indifferent
135,negative
122,positive
191,indifferent
357,positive
314,negative
136,indifferent
319,indifferent
184,indifferent
292,positive
115,negative
23,positive
45,positive
359,positive
341,positive
349,positive
125,positive
198,indifferent
166,negative
118,indifferent
280,positive
377,indifferent
139,positive
397,positive
253,positive
144,negative
116,positive
123,negative
136,indifferent
83,indifferent
206,positive
93,indifferent
384,positive
188,positive
157,positive
349,positive
213,negative
317,positive
88,positive
372,positive
52,indifferent
217,negative
147,indifferent
386,positive
394,negative
318,negative
260,positive
3,negative
225,positive
319,positive
45,indifferent
35,positive
78,positive
322,positive
291,negative
108,positive
364,positive
339,negative
71,negative
132,positive
172,positive
57,positive
182,negative
370,positive
269,positive
126,positive
69,positive
122,positive
130,positive
93,positive
392,indifferent
141,positive
104,positive
245,positive
32,wtf
160,positive
318,indifferent
90,positive
81,positive
124,positive
20,indifferent
326,positive
302,negative
138,positive
26,negative
296,positive
106,positive
139,positive
56,indifferent
80,positive
223,wtf
113,negative
118,wtf
314,negative
336,positive
288,positive
58,positive
49,positive
55,positive
44,positive
132,positive
295,positive
258,positive
43,positive
381,positive
272,positive
349,positive
143,positive
387,positive
103,positive
303,positive
44,positive
358,indifferent
122,positive
51,negative
327,wtf
10,indifferent
356,positive
386,positive
235,wtf
242,positive
50,positive
385,positive
124,indifferent
150,positive
246,wtf
3,positive
32,positive
72,indifferent
177,positive
245,positive
390,indifferent
58,positive
182,positive
60,positive
258,positive
217,positive
104,positive
226,positive
156,positive
1,indifferent
157,indifferent
297,positive
31,positive
125,positive
115,positive
72,positive
192,positive
209,positive
207,positive
235,positive
126,positive
15,wtf
229,positive
300,positive
175,positive
18,positive
101,positive
222,positive
216,positive
100,positive
131,positive
34,positive
279,positive
92,positive
283,positive
3,positive
25,positive
80,positive
340,positive
35,positive
355,positive
137,positive
2,positive
318,positive
200,positive
248,positive
116,positive
227,positive
317,positive
291,positive
168,positive
166,positive
56,positive
107,positive
105,positive
300,positive
56,positive
171,positive
17,positive
340,positive
280,positive
52,positive
186,positive
352,positive
198,positive
154,positive
118,positive
27,positive
213,positive
274,positive
135,positive
81,positive
23,positive
303,positive
90,positive
209,positive
269,positive
28,positive
336,positive
374,positive
168,positive
396,positive
146,positive
188,positive
222,positive
321,positive
229,positive
151,positive
131,positive
54,positive
125,positive
400,positive
381,positive
292,positive
100,positive
90,positive
213,positive
146,positive
63,indifferent
41,positive
72,indifferent
171,positive
317,positive
238,positive
357,positive
19,indifferent
316,indifferent
358,positive
206,positive
370,positive
55,indifferent
172,positive
188,indifferent
336,indifferent
280,positive
177,positive
4,positive
95,positive
70,positive
356,positive
143,positive
150,positive
134,positive
400,positive
92,positive
297,positive
209,positive
36,positive
230,positive
135,positive
279,indifferent
216,positive
157,positive
89,positive
26,positive
326,positive
104,positive
354,indifferent
129,indifferent
56,positive
76,positive
3,positive
301,positive
372,positive
66,positive
349,positive
276,positive
302,indifferent
83,positive
256,indifferent
52,positive
239,positive
31,positive
154,positive
238,indifferent
225,positive
243,positive
172,positive
166,positive
355,positive
324,wtf
141,positive
130,positive
185,positive
358,positive
176,indifferent
378,indifferent
54,positive
67,positive
115,positive
299,positive
270,indifferent
6,positive
382,wtf
7,positive
207,positive
325,indifferent
148,positive
105,positive
19,indifferent
71,indifferent
117,positive
394,positive
190,positive
386,positive
256,positive
378,indifferent
374,positive
53,positive
163,indifferent
136,positive
338,positive
198,positive
107,positive
217,positive
10,positive
364,positive
262,positive
141,positive
260,positive
317,positive
17,positive
45,positive
88,positive
113,positive
74,positive
235,positive
224,positive
31,positive
125,positive
51,positive
134,positive
89,positive
13,positive
352,negative
200,positive
186,negative
204,positive
18,indifferent
41,positive
40,positive
135,positive
260,positive
360,positive
381,positive
263,positive
319,positive
380,positive
303,positive
144,positive
396,wtf
195,wtf
251,positive
95,positive
182,positive
270,positive
392,negative
88,positive
117,negative
164,positive
50,positive
310,positive
152,positive
30,positive
36,positive
183,positive
44,positive
187,positive
162,indifferent
341,positive
318,negative
246,negative
81,positive
326,positive
63,indifferent
127,positive
398,indifferent
143,wtf
71,indifferent
359,wtf
95,wtf
204,positive
328,wtf
101,indifferent
147,positive
168,negative
385,positive
89,negative
162,positive
258,positive
84,indifferent
342,negative
173,negative
2,negative
157,negative
12,negative
126,negative
93,positive
100,positive
228,positive
5,positive
184,positive
56,positive
49,positive
392,negative
364,indifferent
262,positive
341,wtf
36,positive
40,wtf
131,wtf
83,positive
235,negative
138,indifferent
14,negative
123,positive
378,indifferent
58,positive
70,positive
190,indifferent
377,negative
318,positive
99,positive
9,positive
152,indifferent
206,positive
371,positive
139,indifferent
256,negative
50,negative
3,negative
67,indifferent
200,positive
164,positive
82,positive
174,negative
251,indifferent
151,positive
30,positive
390,indifferent
35,indifferent
107,positive
325,indifferent
301,positive
80,positive
25,negative
60,positive
18,positive
195,negative
180,indifferent
230,indifferent
314,negative
77,positive
186,indifferent
349,positive
77,positive
32,wtf
260,positive
306,positive
352,positive
354,positive
33,positive
217,positive
349,positive
12,positive
391,positive
55,positive
1,positive
115,positive
30,positive
4,positive
307,positive
303,positive
160,positive
34,positive
71,indifferent
271,positive
99,positive
101,positive
17,positive
301,positive
153,positive
238,positive
95,positive
139,positive
47,positive
200,positive
52,positive
384,positive
88,positive
213,positive
318,positive
83,positive
25,positive
283,positive
105,positive
191,positive
341,positive
54,positive
115,negative
83,indifferent
50,indifferent
204,positive
206,positive
377,positive
394,indifferent
286,negative
178,indifferent
132,negative
168,indifferent
196,positive
195,indifferent
142,positive
317,indifferent
207,indifferent
26,negative
1,positive
147,positive
221,positive
392,positive
36,indifferent
230,indifferent
93,indifferent
364,positive
386,negative
329,positive
136,indifferent
126,positive
217,positive
342,negative
228,negative
166,negative
27,positive
183,positive
80,indifferent
339,positive
386,positive
104,positive
256,positive
257,positive
41,positive
397,positive
18,positive
20,indifferent
380,positive
70,indifferent
374,positive
63,positive
24,positive
19,positive
55,indifferent
329,positive
307,positive
262,positive
4,positive
32,indifferent
291,indifferent
31,positive
261,positive
377,indifferent
69,positive
177,positive
159,positive
328,positive
183,positive
288,positive
44,positive
224,indifferent
396,indifferent
274,positive
186,indifferent
141,positive
113,positive
269,positive
253,positive
246,indifferent
159,positive
398,indifferent
384,positive
108,positive
187,positive
279,positive
322,indifferent
58,positive
248,positive
142,positive
126,positive
238,indifferent
139,positive
18,positive
391,positive
258,positive
311,positive
325,positive
372,positive
307,indifferent
319,positive
112,positive
137,positive
253,positive
292,positive
42,positive
151,positive
387,positive
283,positive
312,positive
152,positive
131,indifferent
394,positive
352,indifferent
316,positive
144,positive
125,positive
116,positive
33,positive
251,positive
177,positive
66,positive
240,positive
160,indifferent
282,negative
137,indifferent
148,positive
88,indifferent
271,negative
174,indifferent
228,indifferent
295,positive
132,positive
105,positive
103,positive
221,positive
325,indifferent
319,positive
83,positive
2,positive
225,positive
256,indifferent
195,indifferent
72,indifferent
108,indifferent
25,positive
151,positive
210,positive
115,positive
185,positive
370,positive
180,indifferent
235,positive
13,positive
178,indifferent
188,indifferent
306,positive
69,positive
34,indifferent
199,positive
78,negative
19,positive
10,positive
165,positive
9,negative
128,positive
12,negative
242,positive
82,positive
256,positive
377,indifferent
243,positive
2,indifferent
118,positive
142,positive
292,positive
91,indifferent
217,positive
122,positive
192,positive
95,positive
42,positive
355,positive
40,indifferent
365,indifferent
268,indifferent
213,negative
396,wtf
66,positive
146,indifferent
223,positive
340,indifferent
392,positive
338,indifferent
25,indifferent
301,positive
77,positive
288,indifferent
185,positive
15,indifferent
148,negative
107,indifferent
238,indifferent
76,positive
270,positive
184,indifferent
117,positive
51,positive
163,indifferent
129,positive
378,indifferent
180,positive
55,indifferent
147,positive
137,positive
400,positive
26,positive
292,wtf
177,positive
394,positive
118,wtf
4,positive
138,indifferent
260,indifferent
10,positive
35,wtf
286,positive
122,wtf
93,wtf
152,positive
179,positive
372,wtf
80,positive
50,positive
178,wtf
159,wtf
352,negative
201,positive
127,positive
25,positive
204,indifferent
80,positive
273,positive
198,positive
5,positive
243,positive
246,positive
173,positive
339,positive
91,positive
248,indifferent
63,indifferent
128,positive
106,positive
141,positive
165,positive
103,positive
192,indifferent
379,indifferent
143,indifferent
135,indifferent
180,positive
148,negative
34,wtf
132,indifferent
123,indifferent
36,positive
127,positive
356,positive
184,positive
288,positive
144,positive
354,wtf
209,positive
282,indifferent
108,positive
313,positive
382,positive
351,positive
383,negative
40,positive
182,positive
3,positive
105,positive
28,positive
271,positive
27,positive
116,positive
42,indifferent
217,positive
67,indifferent
191,positive
379,positive
221,indifferent
81,positive
279,positive
136,wtf
400,negative
268,negative
112,positive
349,positive
151,positive
277,indifferent
61,wtf
125,positive
356,positive
43,positive
19,negative
227,positive
89,positive
32,indifferent
183,indifferent
69,positive
123,positive
394,indifferent
143,indifferent
316,positive
166,negative
10,indifferent
372,positive
143,indifferent
50,positive
268,indifferent
125,positive
174,negative
310,positive
179,positive
216,positive
226,positive
54,positive
19,negative
180,negative
53,indifferent
302,negative
211,negative
165,indifferent
327,negative
148,indifferent
371,positive
31,positive
311,indifferent
55,negative
306,positive
134,positive
319,negative
322,negative
80,indifferent
283,positive
378,indifferent
277,indifferent
69,positive
390,indifferent
233,negative
230,positive
397,indifferent
304,indifferent
57,negative
291,positive
339,indifferent
316,indifferent
386,indifferent
377,indifferent
116,positive
225,indifferent
248,positive
185,positive
257,positive
397,positive
275,indifferent
210,indifferent
115,negative
57,indifferent
174,positive
72,indifferent
81,positive
28,positive
4,positive
23,positive
179,positive
256,positive
351,positive
370,positive
33,positive
12,indifferent
292,positive
311,indifferent
282,negative
77,positive
150,positive
56,indifferent
18,positive
14,indifferent
183,positive
144,negative
253,indifferent
164,negative
76,indifferent
317,indifferent
336,negative
168,positive
95,positive
182,positive
31,positive
391,positive
195,indifferent
107,indifferent
291,positive
14,indifferent
370,positive
365,indifferent
103,positive
113,positive
339,indifferent
130,positive
144,negative
171,positive
233,negative
43,positive
251,indifferent
13,indifferent
73,indifferent
127,indifferent
383,negative
57,negative
165,positive
148,indifferent
263,indifferent
157,indifferent
131,indifferent
90,indifferent
9,indifferent
19,negative
56,negative
286,indifferent
49,negative
35,indifferent
137,indifferent
385,positive
18,indifferent
277,indifferent
392,indifferent
242,positive
229,indifferent
51,positive
50,positive
359,positive
226,positive
382,indifferent
316,indifferent
190,negative
325,negative
63,indifferent
328,positive
177,positive
280,positive
258,indifferent
20,indifferent
283,positive
164,indifferent
336,indifferent
101,negative
76,indifferent
43,indifferent
338,indifferent
187,positive
227,positive
156,indifferent
148,indifferent
296,indifferent
78,indifferent
216,positive
354,indifferent
374,indifferent
228,negative
7,positive
358,positive
6,positive
355,positive
327,negative
186,indifferent
248,indifferent
2,positive
358,positive
52,positive
35,indifferent
141,positive
132,positive
41,positive
118,positive
279,positive
27,positive
159,positive
47,positive
328,positive
391,positive
107,indifferent
125,positive
148,positive
224,positive
342,positive
31,positive
177,positive
280,negative
163,negative
103,positive
185,positive
14,indifferent
390,positive
172,positive
277,positive
34,positive
92,positive
117,indifferent
213,negative
245,positive
300,positive
321,indifferent
137,positive
339,positive
56,wtf
374,positive
246,positive
222,positive
173,positive
351,positive
283,positive
387,wtf
128,positive
90,positive
41,positive
172,positive
152,positive
144,positive
242,positive
217,positive
327,positive
316,positive
225,positive
200,positive
226,positive
223,positive
10,indifferent
136,positive
349,positive
380,indifferent
180,indifferent
47,wtf
296,indifferent
328,positive
155,positive
275,indifferent
134,indifferent
42,indifferent
107,indifferent
201,positive
15,wtf
302,indifferent
268,positive
159,indifferent
82,positive
28,positive
26,positive
25,positive
310,positive
391,positive
33,positive
358,negative
312,negative
91,positive
165,positive
31,indifferent
136,positive
325,negative
262,indifferent
106,indifferent
306,positive
104,positive
360,negative
118,positive
384,positive
239,positive
233,negative
100,indifferent
257,positive
328,positive
67,positive
331,negative
201,indifferent
183,positive
354,positive
177,negative
171,positive
317,positive
40,negative
227,positive
12,positive
213,positive
141,positive
60,negative
45,positive
81,positive
276,indifferent
152,positive
300,positive
131,positive
56,positive
274,positive
103,positive
356,positive
150,positive
155,positive
341,positive
386,positive
398,indifferent
256,positive
355,negative
243,positive
312,indifferent
295,positive
88,positive
141,indifferent
258,positive
60,indifferent
112,indifferent
175,positive
279,positive
15,indifferent
262,positive
163,negative
164,positive
10,positive
324,wtf
328,negative
82,negative
104,negative
13,negative
34,positive
177,positive
129,positive
238,indifferent
136,positive
311,positive
196,positive
125,indifferent
313,indifferent
50,indifferent
1,indifferent
339,negative
399,indifferent
31,indifferent
226,positive
380,positive
381,indifferent
349,indifferent
54,indifferent
228,negative
80,indifferent
33,positive
291,positive
385,positive
297,indifferent
164,indifferent
40,negative
77,positive
20,indifferent
55,indifferent
224,indifferent
364,positive
396,indifferent
179,indifferent
29,indifferent
222,negative
275,negative
159,indifferent
240,indifferent
27,negative
123,negative
12,negative
383,indifferent
18,positive
66,indifferent
173,negative
185,negative
162,indifferent
131,negative
317,indifferent
175,negative
152,negative
251,negative
146,negative
137,positive
364,indifferent
195,indifferent
296,negative
101,negative
20,negative
392,indifferent
331,negative
275,indifferent
92,positive
283,positive
310,indifferent
144,negative
60,negative
207,positive
209,positive
5,indifferent
211,negative
221,negative
286,indifferent
227,negative
262,indifferent
357,positive
93,positive
245,indifferent
23,negative
365,negative
213,negative
19,negative
113,indifferent
269,indifferent
311,indifferent
101,negative
328,positive
54,indifferent
192,negative
90,positive
130,indifferent
302,positive
275,indifferent
163,indifferent
40,positive
399,positive
355,positive
175,indifferent
263,positive
303,indifferent
171,positive
45,positive
378,positive
174,positive
173,positive
276,positive
251,positive
148,positive
364,positive
47,positive
282,indifferent
18,positive
383,indifferent
272,positive
360,positive
136,positive
314,positive
19,positive
365,positive
379,positive
242,indifferent
78,indifferent
195,positive
143,positive
312,positive
260,indifferent
391,positive
206,positive
358,positive
130,positive
101,positive
144,positive
396,wtf
103,indifferent
156,positive
31,positive
173,positive
40,wtf
184,wtf
235,indifferent
226,wtf
24,positive
84,positive
15,positive
238,negative
311,positive
225,positive
146,positive
275,wtf
164,negative
5,wtf
147,indifferent
282,positive
92,wtf
185,wtf
351,positive
32,positive
13,positive
271,positive
90,positive
52,positive
327,positive
229,positive
268,positive
151,positive
198,positive
13,negative
60,positive
185,negative
387,positive
228,negative
112,positive
216,positive
263,negative
166,negative
240,positive
258,negative
168,positive
92,positive
165,negative
80,negative
83,positive
226,positive
132,positive
173,negative
187,negative
270,negative
325,positive
360,negative
70,negative
122,positive
72,negative
260,negative
319,negative
300,negative
378,positive
321,negative
29,negative
12,negative
19,negative
331,negative
106,positive
112,indifferent
398,positive
230,indifferent
310,positive
357,positive
329,wtf
280,negative
390,positive
248,negative
43,indifferent
292,wtf
143,positive
182,positive
18,indifferent
257,positive
63,positive
1,positive
116,negative
20,positive
107,negative
206,positive
282,indifferent
198,positive
261,positive
269,wtf
157,negative
105,positive
229,indifferent
14,positive
5,positive
95,positive
262,positive
238,positive
378,positive
47,positive
291,negative
46,positive
104,positive
115,positive
58,negative
53,positive
168,positive
44,positive
95,positive
304,positive
81,positive
269,indifferent
303,positive
105,positive
359,wtf
258,indifferent
166,negative
90,positive
63,indifferent
397,positive
399,positive
211,negative
392,positive
118,positive
396,negative
340,positive
184,indifferent
288,positive
257,positive
385,positive
93,indifferent
67,indifferent
41,positive
70,positive
2,positive
230,positive
325,positive
29,positive
32,positive
251,negative
14,positive
138,positive
277,positive
148,positive
23,positive
23,positive
131,negative
275,negative
276,positive
387,positive
19,positive
321,positive
88,positive
206,positive
69,positive
304,positive
185,negative
83,negative
301,negative
291,negative
349,indifferent
36,negative
40,negative
192,negative
72,positive
260,positive
303,indifferent
390,positive
99,negative
209,negative
25,negative
317,negative
49,negative
90,negative
325,negative
1,indifferent
138,negative
297,negative
248,positive
201,indifferent
47,positive
107,positive
150,negative
199,positive
35,negative
177,positive
45,positive
46,positive
211,positive
33,positive
313,positive
98,positive
302,positive
137,positive
329,positive
286,positive
392,indifferent
275,positive
163,negative
221,positive
104,indifferent
172,positive
382,indifferent
292,wtf
30,indifferent
139,indifferent
279,indifferent
288,indifferent
92,indifferent
141,indifferent
355,indifferent
325,indifferent
319,indifferent
25,positive
134,indifferent
204,positive
341,positive
150,positive
213,positive
387,indifferent
131,indifferent
377,indifferent
42,positive
200,indifferent
261,positive
100,positive
310,positive
34,positive
138,indifferent
19,positive
155,indifferent
33,positive
112,positive
81,positive
210,positive
195,indifferent
128,indifferent
307,negative
26,positive
342,positive
354,positive
325,positive
174,indifferent
14,indifferent
260,positive
84,positive
4,negative
177,positive
6,positive
3,negative
108,positive
184,negative
326,positive
175,indifferent
50,indifferent
318,positive
172,indifferent
91,positive
2,positive
263,positive
262,indifferent
83,indifferent
382,positive
336,positive
32,positive
299,indifferent
260,positive
168,positive
339,indifferent
126,indifferent
307,negative
150,indifferent
67,indifferent
163,indifferent
90,positive
23,indifferent
199,positive
3,indifferent
196,positive
10,positive
269,indifferent
70,positive
248,positive
374,indifferent
41,positive
198,positive
399,positive
302,positive
12,indifferent
180,positive
46,positive
183,positive
125,positive
151,positive
14,positive
282,indifferent
383,positive
9,positive
358,positive
138,negative
159,positive
58,positive
216,positive
128,indifferent
153,positive
81,positive
60,indifferent
216,positive
35,negative
77,positive
132,indifferent
360,negative
300,positive
180,negative
207,negative
1,positive
90,positive
256,positive
243,negative
210,positive
10,positive
40,negative
141,negative
240,negative
160,positive
78,negative
177,negative
370,negative
364,indifferent
377,negative
217,wtf
103,indifferent
6,negative
36,negative
178,positive
275,positive
277,indifferent
371,negative
342,negative
358,positive
134,positive
385,positive
138,positive
394,positive
44,positive
148,indifferent
172,positive
351,positive
147,positive
209,positive
136,positive
222,indifferent
182,indifferent
356,indifferent
276,indifferent
310,negative
192,indifferent
28,indifferent
73,positive
154,positive
98,negative
313,positive
359,positive
302,negative
67,indifferent
314,negative
3,indifferent
35,negative
49,indifferent
61,negative
342,positive
364,indifferent
210,positive
339,indifferent
93,indifferent
224,positive
352,negative
306,indifferent
283,positive
54,negative
128,negative
40,indifferent
258,indifferent
227,positive
1,positive
138,negative
43,positive
175,negative
318,positive
70,indifferent
311,negative
156,indifferent
135,negative
73,positive
52,positive
342,positive
358,positive
6,positive
162,positive
207,positive
3,negative
184,negative
178,positive
166,indifferent
307,indifferent
188,negative
1,positive
222,negative
49,positive
386,negative
4,positive
306,positive
76,positive
15,negative
310,positive
209,indifferent
100,positive
152,indifferent
399,positive
74,positive
54,negative
164,indifferent
20,negative
141,positive
359,positive
173,positive
17,positive
19,negative
280,negative
263,positive
105,positive
279,positive
370,indifferent
387,positive
154,indifferent
216,positive
101,positive
183,positive
42,positive
132,positive
381,indifferent
273,negative
306,positive
276,positive
400,negative
123,indifferent
342,indifferent
84,positive
28,indifferent
91,indifferent
131,negative
168,positive
222,negative
228,negative
328,positive
40,negative
51,negative
180,indifferent
229,positive
136,indifferent
261,negative
230,negative
258,indifferent
327,negative
182,indifferent
396,indifferent
91,indifferent
166,negative
45,negative
199,negative
338,positive
157,positive
42,positive
50,positive
101,positive
310,positive
217,positive
135,indifferent
155,negative
257,positive
340,positive
398,indifferent
184,negative
84,positive
386,negative
295,negative
271,indifferent
54,negative
106,positive
116,positive
73,indifferent
78,indifferent
260,indifferent
326,positive
52,indifferent
229,negative
198,positive
162,positive
224,negative
359,negative
342,negative
210,positive
291,negative
329,positive
319,positive
358,indifferent
286,negative
386,positive
276,negative
257,indifferent
131,positive
61,positive
2,indifferent
338,indifferent
303,negative
175,positive
390,indifferent
319,negative
101,negative
336,indifferent
223,indifferent
399,indifferent
124,negative
325,positive
166,indifferent
186,indifferent
1,indifferent
42,indifferent
128,indifferent
58,negative
7,positive
263,negative
24,indifferent
178,indifferent
199,indifferent
30,positive
9,indifferent
246,indifferent
306,positive
146,indifferent
27,indifferent
213,indifferent
115,positive
258,positive
198,indifferent
396,positive
18,indifferent
157,indifferent
31,positive
32,positive
382,indifferent
10,positive
26,indifferent
73,indifferent
183,positive
211,positive
147,positive
381,positive
144,negative
302,positive
288,indifferent
129,positive
164,negative
123,positive
246,negative
13,indifferent
103,positive
134,positive
326,positive
77,positive
352,negative
128,indifferent
390,indifferent
397,positive
276,positive
33,positive
256,positive
377,negative
387,indifferent
271,indifferent
51,positive
251,positive
307,indifferent
81,positive
230,positive
141,positive
207,negative
240,positive
209,negative
25,positive
113,positive
105,positive
93,positive
303,wtf
92,negative
235,positive
116,positive
380,positive
28,positive
24,wtf
18,negative
166,indifferent
53,positive
168,positive
98,negative
137,positive
257,positive
225,positive
243,positive
286,negative
226,positive
112,positive
4,positive
12,indifferent
83,positive
130,indifferent
238,positive
398,positive
126,positive
164,positive
326,positive
180,indifferent
124,indifferent
256,positive
313,positive
238,indifferent
199,positive
138,negative
371,positive
142,indifferent
360,negative
374,indifferent
383,negative
351,positive
57,negative
300,positive
230,indifferent
156,positive
324,indifferent
176,negative
235,indifferent
185,negative
25,indifferent
206,indifferent
113,indifferent
146,positive
124,positive
321,positive
155,negative
359,positive
46,positive
260,negative
150,positive
275,negative
108,positive
93,indifferent
297,indifferent
190,negative
316,indifferent
33,indifferent
187,positive
104,positive
262,negative
127,positive
242,negative
240,negative
380,indifferent
384,wtf
239,positive
45,positive
326,positive
25,indifferent
256,positive
272,positive
163,positive
338,indifferent
117,positive
23,positive
173,negative
192,negative
78,negative
396,wtf
115,indifferent
307,positive
339,negative
106,indifferent
128,indifferent
397,positive
93,indifferent
118,indifferent
201,indifferent
318,indifferent
387,indifferent
83,indifferent
186,indifferent
143,indifferent
329,positive
317,negative
13,indifferent
125,indifferent
359,indifferent
216,positive
300,positive
185,positive
253,positive
155,positive
47,indifferent
301,positive
211,positive
100,positive
29,positive
190,indifferent
148,negative
52,negative
6,positive
314,positive
329,indifferent
128,positive
210,positive
235,negative
143,positive
207,indifferent
3,negative
340,indifferent
33,positive
105,positive
226,positive
32,positive
313,positive
166,negative
223,positive
242,positive
325,negative
326,indifferent
129,positive
274,negative
178,negative
138,indifferent
387,negative
280,indifferent
351,positive
30,positive
115,negative
91,positive
99,positive
129,positive
253,positive
291,indifferent
186,indifferent
397,positive
396,wtf
256,positive
359,positive
355,indifferent
90,indifferent
178,indifferent
248,indifferent
300,indifferent
27,positive
224,indifferent
136,positive
36,negative
286,indifferent
78,indifferent
28,positive
92,positive
192,positive
356,positive
394,positive
246,indifferent
70,positive
275,indifferent
297,indifferent
372,positive
213,indifferent
19,indifferent
211,indifferent
29,positive
329,indifferent
171,indifferent
108,indifferent
321,indifferent
235,positive
126,positive
239,positive
29,positive
187,positive
191,positive
115,negative
184,positive
44,wtf
222,positive
18,indifferent
74,negative
201,positive
159,positive
172,positive
28,positive
200,wtf
382,indifferent
256,positive
258,indifferent
31,positive
356,wtf
365,wtf
177,indifferent
32,indifferent
400,indifferent
283,indifferent
55,positive
233,indifferent
34,positive
104,indifferent
89,indifferent
98,positive
131,indifferent
321,wtf
56,positive
398,positive
340,positive
312,positive
166,positive
230,wtf
69,wtf
253,wtf
49,positive
188,positive
40,indifferent
164,positive
122,positive
206,positive
142,indifferent
275,negative
394,positive
139,indifferent
318,positive
184,positive
13,positive
387,positive
176,positive
103,indifferent
69,positive
377,negative
317,positive
51,positive
204,positive
63,indifferent
43,positive
191,negative
222,negative
33,positive
7,positive
385,positive
392,positive
108,indifferent
262,indifferent
160,negative
390,negative
306,positive
233,indifferent
370,indifferent
129,negative
229,positive
2,positive
98,positive
339,indifferent
400,negative
4,indifferent
155,negative
103,positive
291,positive
93,positive
379,negative
391,positive
307,indifferent
398,negative
270,positive
209,positive
2,positive
217,negative
126,indifferent
273,positive
296,negative
134,positive
20,negative
272,positive
29,indifferent
384,indifferent
125,positive
61,indifferent
238,negative
7,positive
257,positive
90,negative
326,indifferent
80,indifferent
386,negative
313,indifferent
195,negative
276,positive
269,indifferent
18,positive
316,negative
115,indifferent
144,positive
299,indifferent
312,wtf
270,positive
222,negative
391,indifferent
301,positive
53,indifferent
239,positive
198,positive
230,positive
328,positive
383,negative
147,positive
201,positive
210,negative
18,negative
358,positive
233,negative
156,negative
152,positive
24,indifferent
260,positive
23,positive
384,positive
296,indifferent
4,negative
10,positive
129,negative
91,positive
82,positive
269,negative
356,negative
32,positive
295,positive
271,positive
291,indifferent
67,wtf
258,positive
211,indifferent
12,indifferent
313,indifferent
2,positive
253,indifferent
172,indifferent
391,positive
222,positive
7,positive
338,negative
397,positive
137,indifferent
101,negative
4,positive
192,positive
271,wtf
146,positive
270,negative
227,positive
153,indifferent
116,positive
274,positive
392,positive
229,indifferent
356,positive
150,positive
155,negative
112,positive
238,positive
53,positive
322,negative
199,positive
23,positive
282,indifferent
256,indifferent
92,indifferent
129,positive
3,indifferent
201,positive
288,indifferent
31,positive
113,positive
81,positive
356,positive
245,positive
151,positive
387,indifferent
271,indifferent
274,positive
15,wtf
60,positive
349,positive
331,positive
76,positive
316,positive
313,indifferent
283,positive
196,positive
63,indifferent
227,positive
3,negative
74,negative
163,positive
155,positive
246,negative
164,negative
261,positive
336,positive
198,positive
93,indifferent
80,negative
235,indifferent
240,indifferent
34,positive
104,indifferent
229,positive
141,negative
339,negative
100,positive
36,negative
99,indifferent
78,negative
336,positive
359,positive
258,positive
12,positive
322,negative
27,indifferent
291,negative
216,indifferent
107,indifferent
324,positive
165,positive
356,indifferent
377,indifferent
35,positive
56,negative
378,indifferent
379,indifferent
307,negative
174,positive
153,negative
46,indifferent
171,positive
2,positive
47,positive
253,positive
230,negative
180,positive
89,negative
154,negative
288,indifferent
52,positive
385,positive
200,positive
50,negative
156,positive
279,negative
66,negative
137,positive
296,negative
321,positive
206,positive
321,positive
101,positive
288,positive
129,positive
57,positive
301,positive
122,positive
132,positive
381,negative
18,positive
108,negative
385,positive
295,positive
78,negative
5,positive
142,positive
100,positive
391,positive
55,indifferent
209,indifferent
148,positive
20,indifferent
326,positive
217,positive
242,positive
128,positive
6,positive
253,positive
300,positive
7,positive
179,positive
311,positive
159,positive
223,positive
292,positive
261,positive
196,positive
139,positive
319,positive
385,positive
269,positive
73,positive
118,positive
150,positive
355,positive
324,positive
301,positive
282,positive
95,positive
274,positive
279,positive
186,positive
325,positive
142,positive
400,positive
7,positive
2,positive
314,positive
246,positive
340,positive
47,positive
88,positive
55,indifferent
360,positive
5,positive
213,positive
152,positive
6,positive
243,positive
184,positive
263,positive
339,positive
99,positive
3,positive
166,positive
17,positive
384,positive
358,positive
253,positive
74,positive
325,negative
200,positive
78,positive
141,indifferent
386,positive
399,positive
112,positive
104,negative
329,indifferent
172,positive
51,negative
396,negative
143,positive
184,positive
168,positive
230,positive
162,negative
83,positive
105,indifferent
371,positive
277,indifferent
235,indifferent
66,indifferent
71,negative
316,negative
206,positive
221,positive
1,positive
276,negative
246,negative
107,indifferent
49,positive
198,negative
173,positive
18,positive
46,indifferent
152,indifferent
147,positive
311,positive
274,positive
331,negative
302,positive
354,positive
67,indifferent
44,indifferent
93,positive
47,positive
173,negative
101,positive
1,indifferent
283,positive
230,negative
15,negative
379,negative
273,positive
49,positive
184,negative
303,positive
392,negative
187,negative
370,negative
76,positive
239,positive
383,negative
58,negative
382,negative
154,indifferent
141,negative
349,indifferent
326,positive
328,positive
196,positive
57,positive
351,positive
312,negative
280,indifferent
80,indifferent
132,indifferent
358,positive
163,positive
291,positive
210,positive
124,positive
7,wtf
173,wtf
273,positive
318,wtf
329,wtf
76,positive
104,negative
137,wtf
299,positive
23,positive
43,wtf
171,wtf
275,negative
81,positive
380,positive
325,positive
72,wtf
12,positive
184,negative
271,positive
260,positive
370,positive
128,negative
364,positive
33,positive
381,positive
272,positive
321,positive
25,negative
235,positive
186,positive
365,negative
105,positive
55,positive
100,positive
261,positive
156,indifferent
165,positive
12,indifferent
4,positive
47,positive
340,positive
105,positive
379,indifferent
89,indifferent
274,positive
385,positive
180,positive
192,positive
100,positive
307,negative
18,positive
80,negative
248,indifferent
341,indifferent
378,positive
204,positive
185,positive
256,positive
69,positive
159,positive
60,indifferent
387,positive
88,positive
338,positive
117,indifferent
162,positive
217,indifferent
273,positive
183,positive
25,indifferent
126,positive
128,positive
171,positive
63,indifferent
196,indifferent
40,positive
269,indifferent
154,positive
328,wtf
207,wtf
17,indifferent
396,negative
29,positive
162,wtf
341,wtf
25,positive
342,wtf
381,wtf
282,negative
73,wtf
14,wtf
387,indifferent
263,positive
26,indifferent
141,positive
283,indifferent
13,positive
379,indifferent
23,positive
385,positive
41,positive
288,indifferent
174,wtf
325,positive
99,positive
382,positive
199,indifferent
339,positive
276,indifferent
268,positive
10,positive
131,positive
319,positive
113,positive
132,positive
73,positive
100,negative
41,positive
229,negative
198,positive
187,indifferent
243,positive
354,positive
201,negative
49,negative
40,positive
164,positive
365,positive
152,positive
349,positive
103,negative
115,negative
211,positive
136,positive
319,positive
314,positive
130,positive
196,negative
144,positive
27,indifferent
132,positive
19,positive
300,positive
124,positive
357,positive
61,indifferent
227,positive
67,positive
36,positive
303,positive
238,positive
45,positive
91,positive
104,indifferent
125,negative
61,positive
396,positive
392,indifferent
152,positive
84,positive
44,positive
104,positive
160,positive
185,indifferent
201,positive
365,positive
23,indifferent
165,indifferent
295,indifferent
124,positive
33,positive
101,indifferent
45,positive
148,indifferent
292,indifferent
357,positive
400,negative
13,negative
242,positive
338,indifferent
52,positive
29,positive
132,positive
331,indifferent
303,positive
310,positive
125,indifferent
300,positive
358,positive
399,positive
263,positive
3,negative
28,positive
76,positive
210,positive
159,positive
124,positive
130,positive
165,indifferent
364,positive
399,positive
319,indifferent
23,positive
17,positive
52,positive
43,positive
201,positive
186,indifferent
246,positive
301,positive
40,indifferent
322,positive
123,positive
199,positive
6,positive
69,positive
340,positive
358,positive
49,indifferent
391,positive
262,positive
55,negative
248,indifferent
90,positive
19,positive
279,indifferent
206,positive
71,negative
15,negative
7,positive
60,positive
261,positive
277,positive
99,negative
225,indifferent
371,positive
93,positive
61,positive
277,indifferent
163,indifferent
115,negative
66,positive
317,indifferent
36,positive
60,positive
313,positive
35,positive
183,indifferent
91,positive
78,indifferent
221,negative
357,positive
116,indifferent
217,positive
354,positive
73,wtf
49,positive
349,positive
92,positive
291,indifferent
269,indifferent
397,positive
211,wtf
160,positive
46,wtf
23,positive
243,wtf
146,wtf
141,positive
6,wtf
186,positive
139,positive
314,indifferent
15,wtf
391,wtf
172,positive
399,positive
93,negative
196,indifferent
98,indifferent
251,positive
387,positive
18,positive
78,positive
217,positive
156,positive
338,negative
300,positive
6,positive
342,positive
380,positive
354,positive
141,positive
24,positive
329,positive
136,positive
51,positive
49,positive
63,negative
272,positive
221,indifferent
45,positive
29,negative
129,negative
177,positive
396,positive
53,negative
304,positive
7,indifferent
54,positive
27,positive
191,indifferent
398,negative
383,positive
143,positive
283,positive
175,positive
196,positive
146,negative
3,indifferent
258,negative
77,positive
188,positive
223,positive
29,positive
274,positive
386,positive
341,positive
108,indifferent
262,positive
31,positive
115,positive
173,positive
286,indifferent
324,positive
269,positive
224,positive
277,positive
159,positive
384,positive
107,positive
15,indifferent
397,positive
30,positive
356,positive
314,indifferent
351,positive
310,positive
70,positive
134,indifferent
61,positive
122,positive
126,positive
313,positive
130,positive
51,positive
55,negative
49,positive
130,positive
260,positive
324,positive
166,positive
229,positive
113,positive
83,positive
106,positive
47,positive
122,positive
28,positive
144,positive
136,positive
272,positive
128,positive
124,positive
297,positive
394,positive
176,positive
336,positive
134,positive
279,positive
300,positive
141,positive
73,positive
152,positive
318,positive
276,positive
45,positive
299,positive
307,positive
154,positive
326,positive
19,positive
100,positive
379,positive
358,positive
272,positive
57,negative
276,positive
381,indifferent
136,negative
187,negative
239,positive
9,negative
217,indifferent
61,negative
328,positive
154,negative
341,positive
126,negative
12,indifferent
33,indifferent
324,negative
322,indifferent
44,negative
392,positive
132,negative
131,indifferent
211,negative
256,positive
81,negative
273,indifferent
147,negative
398,negative
336,negative
144,negative
246,negative
159,positive
91,indifferent
124,negative
233,negative
192,indifferent
258,negative
30,positive
173,wtf
268,negative
328,positive
206,indifferent
25,indifferent
129,indifferent
199,indifferent
260,indifferent
246,positive
7,positive
91,indifferent
262,positive
352,indifferent
275,indifferent
88,indifferent
312,positive
69,positive
117,indifferent
221,indifferent
382,positive
268,indifferent
349,positive
185,positive
99,positive
371,positive
313,positive
364,positive
72,positive
223,indifferent
296,positive
176,positive
302,indifferent
384,positive
217,positive
15,indifferent
327,indifferent
200,positive
178,positive
295,positive
179,indifferent
239,positive
113,wtf
365,negative
128,positive
127,positive
386,indifferent
51,positive
67,indifferent
279,positive
115,positive
61,positive
313,indifferent
358,positive
19,negative
28,positive
124,indifferent
283,positive
240,positive
229,negative
57,wtf
15,indifferent
377,negative
23,positive
172,positive
182,indifferent
74,negative
331,positive
43,positive
163,positive
210,indifferent
319,negative
4,positive
372,positive
341,positive
49,positive
129,indifferent
72,indifferent
392,positive
159,positive
297,indifferent
71,negative
378,positive
354,positive
271,indifferent
357,positive
239,positive
381,positive
172,negative
42,positive
269,positive
365,positive
44,positive
230,negative
341,indifferent
50,positive
20,positive
66,positive
175,negative
275,indifferent
383,indifferent
15,indifferent
5,positive
9,negative
312,positive
391,positive
53,positive
60,positive
93,indifferent
31,positive
377,positive
76,positive
168,positive
63,positive
200,positive
147,positive
198,positive
51,negative
349,negative
303,positive
356,positive
30,positive
7,positive
382,positive
360,positive
15,indifferent
106,positive
282,indifferent
201,indifferent
139,positive
397,positive
83,positive
400,indifferent
213,positive
17,positive
187,indifferent
229,indifferent
274,positive
207,negative
260,negative
225,indifferent
52,positive
71,negative
142,positive
84,positive
123,positive
178,positive
222,positive
95,positive
144,indifferent
118,negative
299,indifferent
99,negative
317,positive
66,positive
136,indifferent
379,positive
398,indifferent
392,negative
316,positive
164,positive
44,positive
159,positive
34,positive
327,indifferent
291,positive
72,positive
27,positive
3,indifferent
5,positive
279,negative
128,indifferent
123,positive
382,positive
394,positive
374,indifferent
379,positive
132,positive
70,positive
46,indifferent
186,negative
61,positive
223,positive
383,indifferent
14,negative
35,indifferent
113,positive
146,positive
160,positive
137,positive
157,positive
192,positive
386,positive
159,positive
299,positive
297,indifferent
47,indifferent
55,negative
251,negative
261,indifferent
24,positive
196,positive
245,positive
165,positive
269,positive
58,positive
224,positive
148,positive
12,indifferent
91,positive
40,positive
84,positive
292,indifferent
125,indifferent
386,indifferent
112,positive
217,positive
358,positive
360,indifferent
47,positive
15,positive
283,indifferent
286,positive
45,positive
355,indifferent
239,negative
69,positive
299,positive
88,indifferent
378,negative
201,indifferent
300,positive
192,positive
262,negative
253,positive
223,positive
391,positive
81,positive
384,positive
34,indifferent
80,indifferent
195,indifferent
351,positive
288,positive
329,positive
191,positive
53,positive
30,positive
4,positive
230,positive
49,positive
46,indifferent
103,indifferent
211,negative
80,indifferent
98,positive
186,positive
132,positive
300,positive
116,indifferent
357,positive
185,negative
256,indifferent
227,indifferent
112,positive
77,positive
251,negative
10,positive
91,positive
54,positive
32,positive
60,indifferent
341,positive
165,indifferent
331,positive
195,positive
223,positive
198,indifferent
257,positive
31,positive
152,positive
400,indifferent
40,positive
226,positive
173,positive
352,negative
349,positive
70,positive
148,positive
275,indifferent
45,positive
297,indifferent
341,positive
152,positive
291,negative
129,indifferent
135,negative
44,positive
50,negative
105,negative
191,positive
357,indifferent
176,indifferent
374,positive
269,negative
327,negative
227,negative
280,negative
99,positive
329,positive
336,wtf
288,negative
144,positive
246,negative
159,positive
225,positive
27,positive
155,positive
399,positive
396,wtf
292,positive
325,negative
316,negative
295,positive
186,positive
71,negative
276,positive
400,negative
124,positive
77,positive
207,positive
107,positive
187,indifferent
322,positive
272,positive
90,indifferent
163,positive
164,positive
33,positive
159,positive
32,positive
101,indifferent
300,positive
24,positive
384,positive
390,indifferent
263,positive
355,positive
216,positive
134,positive
17,positive
352,negative
246,positive
84,positive
381,positive
210,positive
391,positive
103,positive
50,positive
316,positive
113,positive
206,positive
183,positive
82,positive
306,positive
29,positive
314,negative
269,positive
95,positive
63,positive
168,indifferent
127,positive
9,positive
24,positive
67,wtf
132,positive
245,positive
153,positive
276,indifferent
178,positive
390,positive
129,positive
303,positive
148,positive
154,positive
40,positive
71,negative
72,positive
124,positive
54,positive
336,positive
192,indifferent
301,positive
126,positive
45,positive
263,positive
144,positive
374,indifferent
137,positive
195,positive
41,positive
359,positive
184,positive
225,negative
29,indifferent
42,positive
30,positive
154,positive
82,indifferent
92,indifferent
20,positive
329,positive
165,positive
5,positive
105,positive
262,positive
217,positive
331,positive
209,indifferent
274,positive
327,positive
174,positive
141,positive
374,indifferent
34,indifferent
304,positive
123,positive
384,positive
310,indifferent
385,positive
188,indifferent
160,positive
63,positive
184,positive
322,positive
276,positive
378,indifferent
166,positive
227,positive
239,positive
33,positive
4,positive
186,negative
238,negative
27,positive
268,indifferent
42,positive
126,positive
226,positive
173,positive
288,indifferent
321,positive
82,positive
20,negative
44,positive
103,indifferent
92,positive
28,positive
339,negative
351,positive
63,positive
261,positive
52,indifferent
184,positive
286,wtf
295,wtf
188,wtf
216,positive
331,positive
310,positive
211,positive
364,positive
300,positive
270,negative
2,positive
365,wtf
359,positive
56,negative
272,positive
58,positive
178,positive
118,positive
271,indifferent
245,positive
117,positive
89,positive
179,positive
156,negative
155,positive
352,indifferent
282,indifferent
58,indifferent
328,positive
342,positive
1,wtf
73,wtf
198,negative
306,positive
27,positive
100,positive
291,positive
238,negative
152,positive
15,positive
225,positive
32,positive
213,positive
283,positive
272,positive
227,negative
52,indifferent
192,indifferent
159,positive
216,indifferent
80,indifferent
364,positive
297,negative
98,positive
182,positive
307,negative
399,wtf
280,negative
12,positive
242,positive
216,positive
211,negative
206,positive
370,positive
164,negative
182,positive
148,indifferent
377,negative
316,indifferent
20,negative
258,negative
302,positive
187,indifferent
213,positive
299,positive
19,indifferent
394,positive
176,positive
107,indifferent
134,negative
72,indifferent
137,indifferent
35,positive
325,positive
98,positive
274,positive
51,indifferent
240,positive
282,negative
326,indifferent
355,positive
74,positive
338,negative
251,negative
166,negative
23,positive
157,positive
130,positive
271,positive
6,positive
35,positive
58,indifferent
90,positive
222,positive
365,indifferent
23,positive
384,indifferent
270,positive
32,indifferent
61,positive
354,positive
206,positive
316,positive
314,positive
184,positive
209,positive
256,positive
144,indifferent
54,positive
99,positive
13,indifferent
275,positive
297,indifferent
291,indifferent
139,positive
292,positive
180,indifferent
204,positive
282,indifferent
152,positive
148,positive
318,wtf
398,positive
100,positive
153,positive
392,indifferent
351,positive
397,positive
182,positive
310,indifferent
302,positive
168,negative
196,indifferent
159,positive
392,positive
349,positive
371,negative
322,indifferent
224,negative
5,indifferent
185,indifferent
326,indifferent
19,positive
90,positive
253,positive
72,indifferent
88,positive
282,negative
89,positive
43,positive
312,indifferent
374,negative
177,indifferent
299,negative
78,negative
46,positive
295,indifferent
92,positive
136,indifferent
291,indifferent
153,indifferent
391,indifferent
32,positive
148,positive
126,positive
77,positive
61,positive
44,positive
60,positive
66,positive
43,positive
271,positive
56,positive
128,positive
396,indifferent
129,indifferent
52,positive
338,indifferent
153,negative
93,indifferent
176,negative
41,positive
136,positive
306,positive
314,positive
46,indifferent
229,negative
296,indifferent
115,positive
122,positive
127,indifferent
26,indifferent
76,positive
108,negative
184,positive
112,positive
304,indifferent
257,positive
49,positive
166,positive
274,indifferent
45,positive
5,positive
230,positive
200,indifferent
18,negative
222,negative
397,positive
394,indifferent
173,indifferent
390,negative
150,positive
174,positive
228,positive
397,positive
29,indifferent
135,indifferent
385,positive
392,negative
108,indifferent
66,positive
339,negative
44,positive
364,positive
156,negative
222,indifferent
100,positive
301,positive
126,indifferent
27,negative
6,positive
80,indifferent
90,positive
179,positive
25,negative
216,positive
15,negative
204,positive
238,negative
349,indifferent
398,indifferent
155,negative
177,negative
61,negative
185,indifferent
358,positive
211,negative
304,negative
41,positive
147,positive
195,positive
176,indifferent
171,positive
51,positive
292,positive
392,positive
2,indifferent
80,indifferent
187,negative
277,indifferent
28,positive
35,negative
156,indifferent
18,positive
282,positive
327,indifferent
210,positive
148,positive
302,positive
132,positive
164,positive
36,positive
142,positive
20,positive
352,indifferent
300,positive
235,positive
314,positive
316,positive
17,positive
196,positive
324,positive
328,positive
185,positive
81,positive
174,positive
154,positive
364,positive
329,positive
139,positive
192,positive
328,positive
159,positive
258,wtf
171,wtf
253,wtf
40,wtf
200,positive
302,negative
306,positive
52,positive
135,positive
207,positive
239,positive
180,positive
351,positive
71,positive
380,positive
196,positive
400,positive
77,positive
54,indifferent
28,positive
277,positive
314,indifferent
4,positive
46,positive
122,positive
146,indifferent
147,positive
168,negative
129,positive
364,positive
199,positive
143,positive
19,positive
88,positive
229,positive
17,positive
359,positive
275,positive
163,negative
157,indifferent
132,positive
142,positive
325,positive
100,positive
339,positive
131,positive
331,indifferent
81,indifferent
15,indifferent
328,positive
296,indifferent
381,positive
98,indifferent
319,indifferent
177,indifferent
239,positive
200,positive
130,positive
18,indifferent
261,positive
400,indifferent
5,positive
311,positive
233,indifferent
122,positive
143,positive
171,positive
164,indifferent
175,indifferent
277,indifferent
156,indifferent
25,indifferent
329,indifferent
240,positive
178,positive
29,positive
177,indifferent
257,positive
91,positive
157,negative
125,positive
292,positive
103,positive
101,positive
178,positive
56,negative
355,positive
378,positive
276,positive
61,positive
118,positive
263,positive
327,positive
89,positive
283,positive
146,positive
275,positive
107,negative
19,negative
142,positive
380,positive
1,positive
26,positive
47,positive
291,negative
204,positive
303,positive
302,negative
225,positive
301,positive
316,negative
139,positive
260,negative
92,positive
168,positive
180,negative
191,indifferent
306,indifferent
398,wtf
124,indifferent
224,negative
387,positive
260,indifferent
227,positive
107,positive
239,positive
322,positive
299,positive
42,positive
286,negative
9,positive
339,negative
32,negative
280,positive
130,negative
135,negative
43,positive
229,positive
188,indifferent
18,positive
50,positive
98,positive
341,positive
319,positive
396,wtf
69,positive
372,indifferent
187,positive
371,positive
73,positive
165,positive
349,positive
36,negative
184,negative
166,positive
28,positive
270,indifferent
274,positive
257,positive
283,indifferent
380,indifferent
46,negative
307,negative
74,indifferent
77,positive
251,negative
243,indifferent
356,indifferent
57,positive
180,negative
141,indifferent
43,negative
222,indifferent
146,negative
312,indifferent
148,indifferent
108,indifferent
55,negative
379,indifferent
98,indifferent
262,indifferent
377,negative
370,indifferent
313,indifferent
387,indifferent
116,negative
386,indifferent
225,indifferent
138,indifferent
351,indifferent
142,indifferent
130,indifferent
229,indifferent
17,indifferent
239,indifferent
34,indifferent
116,indifferent
326,positive
217,indifferent
190,positive
178,positive
306,positive
382,wtf
42,positive
239,positive
131,positive
173,positive
19,positive
245,positive
225,positive
233,positive
104,indifferent
321,positive
228,positive
378,positive
196,positive
125,positive
73,positive
127,indifferent
381,positive
355,positive
91,positive
72,positive
107,positive
148,indifferent
155,positive
52,positive
3,indifferent
257,positive
78,indifferent
295,positive
27,indifferent
99,positive
123,positive
339,positive
256,positive
136,positive
357,positive
192,indifferent
74,negative
166,wtf
151,wtf
90,negative
374,negative
180,indifferent
295,wtf
385,indifferent
360,negative
107,indifferent
372,indifferent
82,wtf
270,wtf
3,negative
27,indifferent
69,negative
28,indifferent
126,indifferent
105,positive
49,indifferent
319,indifferent
400,indifferent
299,indifferent
371,positive
340,indifferent
168,indifferent
41,indifferent
88,positive
160,indifferent
394,positive
172,indifferent
125,positive
230,positive
392,indifferent
304,indifferent
162,positive
152,indifferent
235,positive
354,positive
227,positive
274,indifferent
338,indifferent
100,positive
385,positive
116,positive
26,positive
282,indifferent
84,positive
196,positive
239,indifferent
66,positive
302,positive
326,indifferent
340,negative
226,negative
157,negative
20,negative
210,positive
182,positive
128,positive
384,wtf
131,negative
262,indifferent
292,positive
383,indifferent
327,positive
172,positive
58,positive
349,positive
70,indifferent
112,positive
130,positive
268,positive
312,positive
78,positive
90,positive
18,positive
52,positive
296,wtf
302,positive
13,positive
230,wtf
31,indifferent
108,negative
200,indifferent
124,positive
355,positive
185,negative
322,wtf
217,negative
168,positive
382,wtf
69,wtf
338,positive
90,positive
88,wtf
339,positive
224,negative
198,indifferent
303,positive
216,positive
279,positive
204,positive
324,positive
134,wtf
61,positive
300,positive
136,positive
199,positive
77,positive
3,positive
379,positive
239,positive
304,negative
288,indifferent
243,negative
262,indifferent
243,positive
279,positive
123,positive
253,positive
157,indifferent
339,positive
25,positive
74,positive
183,positive
138,positive
176,positive
7,positive
34,positive
82,positive
268,indifferent
210,positive
224,positive
257,positive
360,positive
394,positive
245,positive
116,positive
331,positive
45,positive
195,positive
143,positive
142,positive
61,positive
359,positive
164,positive
67,positive
103,positive
6,positive
41,positive
144,positive
269,indifferent
98,positive
78,indifferent
88,positive
222,positive
165,positive
272,indifferent
172,positive
253,negative
385,indifferent
24,positive
276,positive
174,indifferent
282,indifferent
229,wtf
374,indifferent
25,positive
310,positive
43,positive
321,positive
151,positive
390,indifferent
257,indifferent
91,positive
42,wtf
394,positive
176,negative
98,positive
118,indifferent
299,positive
296,positive
154,positive
6,positive
58,positive
168,negative
183,positive
54,positive
341,positive
192,positive
195,positive
1,indifferent
129,positive
153,positive
338,negative
382,negative
329,positive
356,positive
282,positive
339,positive
130,positive
326,positive
136,positive
210,positive
383,indifferent
211,indifferent
47,positive
122,positive
273,positive
27,positive
391,positive
106,indifferent
319,positive
50,positive
131,positive
288,positive
277,positive
246,positive
196,positive
318,positive
107,positive
81,positive
98,indifferent
268,wtf
325,positive
398,indifferent
328,positive
226,positive
187,indifferent
103,positive
61,positive
324,wtf
390,indifferent
20,positive
91,positive
313,positive
329,wtf
73,positive
15,positive
223,positive
125,positive
124,indifferent
77,positive
138,negative
190,positive
322,indifferent
258,positive
147,positive
397,positive
200,positive
341,positive
300,positive
45,positive
2,positive
380,positive
163,indifferent
127,positive
271,positive
157,negative
188,positive
307,indifferent
103,positive
356,positive
101,indifferent
106,positive
171,positive
296,positive
303,positive
372,negative
152,indifferent
314,positive
70,positive
137,positive
313,positive
263,wtf
269,negative
157,positive
54,indifferent
243,positive
223,indifferent
15,positive
166,positive
341,positive
185,positive
272,positive
390,negative
177,positive
10,positive
12,positive
32,indifferent
195,positive
371,positive
95,wtf
377,negative
198,positive
381,wtf
7,positive
256,positive
155,indifferent
322,positive
176,positive
351,positive
398,positive
107,positive
328,positive
34,indifferent
277,positive
246,positive
271,indifferent
319,indifferent
311,positive
4,indifferent
297,positive
17,positive
163,indifferent
216,positive
243,positive
235,positive
7,positive
245,positive
311,positive
216,positive
42,positive
319,positive
374,indifferent
184,positive
160,positive
105,positive
4,positive
279,positive
93,positive
297,positive
57,positive
357,positive
269,positive
9,positive
365,positive
116,positive
258,indifferent
240,positive
336,positive
352,positive
84,positive
47,positive
73,positive
50,positive
372,positive
307,positive
165,positive
229,indifferent
397,positive
380,positive
122,positive
299,positive
118,positive
90,positive
139,positive
130,negative
351,positive
148,indifferent
19,negative
44,positive
306,positive
378,negative
225,indifferent
162,positive
171,negative
106,indifferent
164,positive
70,positive
80,positive
379,negative
83,indifferent
58,indifferent
18,negative
268,indifferent
31,indifferent
275,positive
49,positive
196,indifferent
156,indifferent
313,negative
226,positive
262,indifferent
56,wtf
154,positive
46,negative
288,positive
136,negative
349,indifferent
57,positive
221,negative
67,negative
182,indifferent
81,positive
71,indifferent
269,positive
213,positive
4,positive
91,positive
258,positive
41,positive
313,indifferent
199,positive
80,positive
316,positive
279,positive
222,indifferent
224,indifferent
30,indifferent
74,positive
159,positive
172,indifferent
88,negative
83,indifferent
1,positive
245,positive
32,indifferent
28,indifferent
304,positive
176,indifferent
238,negative
253,positive
132,indifferent
76,indifferent
397,positive
191,positive
198,indifferent
390,positive
277,indifferent
84,positive
144,indifferent
56,indifferent
328,indifferent
321,indifferent
155,indifferent
84,negative
228,positive
55,positive
142,positive
295,negative
306,positive
137,positive
217,positive
326,indifferent
45,positive
288,negative
381,negative
132,positive
246,positive
177,positive
107,indifferent
310,indifferent
157,indifferent
125,positive
400,positive
162,positive
148,negative
101,positive
304,indifferent
122,positive
262,indifferent
104,indifferent
12,positive
36,positive
283,positive
143,positive
46,positive
9,positive
29,positive
282,indifferent
257,positive
357,positive
349,indifferent
78,indifferent
351,positive
291,positive
372,positive
183,negative
331,positive
159,positive
118,positive
199,positive
13,positive
240,positive
74,indifferent
279,indifferent
40,positive
103,positive
206,positive
342,positive
262,positive
63,positive
52,positive
396,wtf
15,positive
222,positive
80,positive
384,positive
14,positive
399,positive
397,positive
306,positive
32,negative
132,positive
209,indifferent
6,positive
107,positive
26,positive
126,positive
44,positive
45,indifferent
276,positive
66,positive
4,positive
81,positive
342,positive
351,positive
371,positive
310,indifferent
185,positive
115,indifferent
142,positive
33,positive
28,positive
176,positive
217,indifferent
122,positive
18,positive
296,negative
352,indifferent
216,positive
277,indifferent
91,positive
74,negative
179,positive
186,positive
66,positive
52,positive
182,positive
90,positive
228,indifferent
295,indifferent
15,negative
299,positive
105,positive
34,wtf
156,indifferent
101,indifferent
360,indifferent
210,positive
168,positive
260,indifferent
261,positive
288,indifferent
36,indifferent
183,positive
82,positive
175,positive
72,indifferent
17,positive
211,indifferent
270,indifferent
160,positive
386,positive
103,positive
207,positive
49,positive
139,positive
377,positive
251,positive
4,positive
112,positive
351,positive
235,positive
104,positive
279,positive
105,positive
336,positive
174,positive
303,positive
274,positive
115,wtf
383,positive
15,wtf
385,positive
173,positive
200,positive
280,indifferent
318,wtf
143,positive
331,positive
166,positive
359,positive
80,positive
124,positive
399,indifferent
60,positive
339,indifferent
386,indifferent
358,positive
51,positive
382,positive
338,positive
225,positive
44,positive
349,positive
270,positive
370,positive
318,positive
240,positive
276,positive
226,positive
359,indifferent
325,positive
229,indifferent
43,indifferent
257,positive
118,positive
211,wtf
319,positive
192,positive
41,positive
246,positive
260,positive
1,indifferent
49,positive
327,indifferent
296,wtf
50,indifferent
5,positive
139,indifferent
223,positive
206,positive
81,positive
61,positive
162,positive
277,negative
210,positive
342,negative
303,indifferent
139,positive
355,indifferent
374,negative
400,negative
80,negative
302,negative
61,indifferent
268,negative
397,indifferent
122,positive
307,negative
276,positive
31,positive
47,indifferent
128,negative
357,positive
275,negative
20,negative
41,indifferent
282,negative
90,positive
44,indifferent
77,positive
398,negative
180,negative
50,indifferent
188,negative
306,negative
239,negative
49,indifferent
261,positive
2,indifferent
81,indifferent
141,positive
191,indifferent
3,negative
76,positive
45,positive
61,positive
301,positive
271,negative
148,indifferent
233,indifferent
112,positive
164,positive
213,indifferent
227,positive
93,positive
99,indifferent
303,positive
185,positive
77,positive
275,positive
49,positive
364,indifferent
341,positive
144,indifferent
207,positive
124,positive
321,positive
307,indifferent
306,positive
397,positive
155,positive
150,positive
29,positive
258,positive
153,wtf
163,negative
270,positive
91,positive
382,positive
108,positive
179,positive
282,positive
199,positive
381,positive
319,positive
394,positive
313,positive
384,positive
33,positive
239,positive
56,positive
143,wtf
107,positive
154,positive
380,positive
125,positive
117,positive
23,positive
41,positive
84,positive
314,negative
165,negative
261,positive
104,positive
269,wtf
360,negative
112,indifferent
245,positive
240,positive
115,negative
113,negative
288,indifferent
200,positive
69,indifferent
206,positive
58,indifferent
4,negative
36,indifferent
155,indifferent
153,positive
157,negative
27,negative
44,positive
276,negative
207,positive
168,indifferent
307,positive
70,negative
296,negative
322,negative
228,positive
182,positive
165,negative
72,negative
386,indifferent
100,positive
246,positive
180,positive
233,indifferent
306,positive
226,positive
324,positive
299,positive
275,indifferent
358,wtf
400,indifferent
107,negative
394,negative
288,wtf
151,positive
242,positive
154,positive
216,positive
146,negative
171,positive
118,positive
156,indifferent
222,positive
142,positive
125,positive
155,negative
160,positive
58,positive
151,positive
10,positive
45,positive
179,positive
355,positive
43,positive
199,indifferent
384,positive
134,positive
81,positive
12,positive
57,positive
33,positive
28,positive
286,indifferent
253,indifferent
127,positive
387,positive
357,positive
351,positive
370,positive
228,positive
269,indifferent
204,positive
191,positive
116,positive
398,positive
19,indifferent
69,positive
138,positive
184,indifferent
122,positive
148,positive
338,indifferent
276,positive
318,indifferent
310,positive
83,indifferent
67,positive
257,indifferent
180,indifferent
57,positive
328,positive
217,wtf
40,indifferent
176,positive
211,indifferent
18,wtf
213,positive
56,positive
310,positive
248,positive
329,positive
34,positive
129,positive
355,positive
392,positive
35,wtf
156,positive
128,positive
246,positive
84,positive
89,positive
251,positive
288,positive
146,indifferent
178,positive
325,negative
342,negative
324,indifferent
274,positive
24,positive
81,positive
227,positive
101,negative
69,positive
12,negative
226,positive
27,positive
288,positive
200,positive
365,positive
338,positive
82,positive
12,positive
186,positive
260,indifferent
253,positive
261,positive
80,positive
61,wtf
391,positive
296,positive
92,positive
83,positive
377,positive
326,positive
137,negative
171,indifferent
223,negative
306,positive
36,positive
144,indifferent
76,positive
230,positive
324,wtf
66,positive
35,positive
184,positive
192,positive
52,positive
279,negative
245,positive
122,positive
295,positive
188,negative
400,positive
317,positive
185,positive
269,positive
283,positive
328,positive
383,indifferent
230,positive
47,negative
391,positive
192,negative
106,positive
165,indifferent
359,positive
398,indifferent
1,positive
15,negative
4,positive
166,positive
132,positive
20,negative
394,positive
32,negative
117,negative
338,negative
24,positive
19,positive
143,positive
162,positive
256,positive
329,wtf
29,positive
56,positive
54,positive
163,positive
130,indifferent
78,negative
351,positive
17,indifferent
173,indifferent
199,negative
157,indifferent
296,indifferent
